"Path","English primary intent","Arabic primary intent","Eligible","Policy"
"home","Immigration consultancy in Kuwait","استشارات الهجرة في الكويت","true","Distinct service / route / editorial / navigation intent"
"about","About our Kuwait immigration consultancy","عن بلان بي للاستشارات في الكويت","true","Distinct service / route / editorial / navigation intent"
"programmes","Immigration, work and investment programmes","برامج الهجرة والعمل والاستثمار","true","Distinct service / route / editorial / navigation intent"
"services","Visa and global mobility assistance from Kuwait","خدمات التأشيرات والانتقال من الكويت","true","Distinct service / route / editorial / navigation intent"
"destinations","Compare overseas destinations and pathways","اختيار وجهة الهجرة والعمل بالخارج","true","Distinct service / route / editorial / navigation intent"
"resources","Immigration consultation and document guides","أدلة الاستشارة وتجهيز المستندات","true","Distinct service / route / editorial / navigation intent"
"consultation","Request an immigration consultation from Kuwait","طلب استشارة هجرة من الكويت","true","Distinct service / route / editorial / navigation intent"
"contact","Contact Plan B Consultant in Kuwait","التواصل مع بلان بي كونسلتنت في الكويت","true","Distinct service / route / editorial / navigation intent"
"privacy","Enquiry privacy and personal information","خصوصية الاستفسارات والبيانات الشخصية","true","Distinct service / route / editorial / navigation intent"
"faqs","Immigration and visa consultation questions","أسئلة حول استشارات الهجرة والتأشيرات","true","Distinct service / route / editorial / navigation intent"
"programmes/canada-express-entry","Canada Express Entry guidance from Kuwait","الدخول السريع إلى كندا — إرشاد من الكويت","true","Distinct service / route / editorial / navigation intent"
"programmes/australia-skilled-migration","Australia skilled migration guidance from Kuwait","هجرة الكفاءات إلى أستراليا — إرشاد من الكويت","true","Distinct service / route / editorial / navigation intent"
"programmes/australia-work-visas","Australia work visas guidance from Kuwait","تأشيرات العمل في أستراليا — إرشاد من الكويت","true","Distinct service / route / editorial / navigation intent"
"programmes/germany-nursing","Nursing careers in Germany guidance from Kuwait","التمريض في ألمانيا — إرشاد من الكويت","true","Distinct service / route / editorial / navigation intent"
"programmes/germany-car-mechanics","Car mechanic careers in Germany guidance from Kuwait","ميكانيكا السيارات في ألمانيا — إرشاد من الكويت","true","Distinct service / route / editorial / navigation intent"
"programmes/sweden-work-permit","Sweden work permits guidance from Kuwait","تصاريح العمل في السويد — إرشاد من الكويت","true","Distinct service / route / editorial / navigation intent"
"programmes/portugal-work-residence","Portugal work & residence guidance from Kuwait","العمل والإقامة في البرتغال — إرشاد من الكويت","true","Distinct service / route / editorial / navigation intent"
"programmes/canada-c11","Canada C11 business owners guidance from Kuwait","كندا C11 لأصحاب الأعمال — إرشاد من الكويت","true","Distinct service / route / editorial / navigation intent"
"programmes/usa-eb5","USA EB-5 investor programme guidance from Kuwait","برنامج المستثمرين الأمريكي EB-5 — إرشاد من الكويت","true","Distinct service / route / editorial / navigation intent"
"programmes/usa-e2","USA E-2 treaty investor guidance from Kuwait","المستثمر بموجب المعاهدة الأمريكية E-2 — إرشاد من الكويت","true","Distinct service / route / editorial / navigation intent"
"programmes/citizenship-investment","Citizenship by investment guidance from Kuwait","الجنسية عن طريق الاستثمار — إرشاد من الكويت","false","Hold for confirmed substantive coverage"
"programmes/study-visas","Study abroad & student visas guidance from Kuwait","الدراسة وتأشيرات الطلاب — إرشاد من الكويت","true","Distinct service / route / editorial / navigation intent"
"programmes/visit-visas","Visit & travel visas guidance from Kuwait","تأشيرات الزيارة والسفر — إرشاد من الكويت","true","Distinct service / route / editorial / navigation intent"
"services/residency-by-investment","Residency through investment assistance","الإقامة عن طريق الاستثمار — خدمات بلان بي","true","Distinct service / route / editorial / navigation intent"
"services/citizenship-by-investment","Citizenship by investment assistance","الجنسية عن طريق الاستثمار — خدمات بلان بي","true","Distinct service / route / editorial / navigation intent"
"services/skilled-immigration","Skilled immigration assistance","هجرة الكفاءات — خدمات بلان بي","true","Distinct service / route / editorial / navigation intent"
"services/work-visas","Work visas & permits assistance","تأشيرات وتصاريح العمل — خدمات بلان بي","true","Distinct service / route / editorial / navigation intent"
"services/visit-visas","Visit visas assistance","تأشيرات الزيارة — خدمات بلان بي","true","Distinct service / route / editorial / navigation intent"
"services/study-abroad","Study visas assistance","تأشيرات الدراسة — خدمات بلان بي","true","Distinct service / route / editorial / navigation intent"
"services/global-job-search","Global job search assistance","البحث عن عمل عالمي — خدمات بلان بي","true","Distinct service / route / editorial / navigation intent"
"services/business-immigration","Business immigration assistance","هجرة الأعمال — خدمات بلان بي","true","Distinct service / route / editorial / navigation intent"
"services/family-visas","Family & dependent visas assistance","تأشيرات الأسرة والمعالين — خدمات بلان بي","true","Distinct service / route / editorial / navigation intent"
"services/permanent-residency","Permanent residency support assistance","دعم الإقامة الدائمة — خدمات بلان بي","true","Distinct service / route / editorial / navigation intent"
"services/ielts-preparation","IELTS preparation assistance","الاستعداد لاختبار آيلتس — خدمات بلان بي","true","Distinct service / route / editorial / navigation intent"
"services/settlement-support","Pre-departure & settlement assistance","ما قبل السفر والاستقرار — خدمات بلان بي","true","Distinct service / route / editorial / navigation intent"
"destinations/canada","Canada: destination and mobility overview","كندا: نظرة على خيارات السفر والانتقال","true","Distinct service / route / editorial / navigation intent"
"destinations/australia","Australia: destination and mobility overview","أستراليا: نظرة على خيارات السفر والانتقال","true","Distinct service / route / editorial / navigation intent"
"destinations/united-kingdom","United Kingdom: destination and mobility overview","المملكة المتحدة: نظرة على خيارات السفر والانتقال","false","Hold for confirmed substantive coverage"
"destinations/united-states","United States: destination and mobility overview","الولايات المتحدة: نظرة على خيارات السفر والانتقال","true","Distinct service / route / editorial / navigation intent"
"destinations/new-zealand","New Zealand: destination and mobility overview","نيوزيلندا: نظرة على خيارات السفر والانتقال","false","Hold for confirmed substantive coverage"
"destinations/schengen","Schengen: destination and mobility overview","شنغن: نظرة على خيارات السفر والانتقال","false","Hold for confirmed substantive coverage"
"destinations/thailand","Thailand: destination and mobility overview","تايلاند: نظرة على خيارات السفر والانتقال","false","Hold for confirmed substantive coverage"
"destinations/japan","Japan: destination and mobility overview","اليابان: نظرة على خيارات السفر والانتقال","false","Hold for confirmed substantive coverage"
"destinations/turkey","Turkey: destination and mobility overview","تركيا: نظرة على خيارات السفر والانتقال","false","Hold for confirmed substantive coverage"
"destinations/china","China: destination and mobility overview","الصين: نظرة على خيارات السفر والانتقال","false","Hold for confirmed substantive coverage"
"destinations/south-korea","South Korea: destination and mobility overview","كوريا الجنوبية: نظرة على خيارات السفر والانتقال","false","Hold for confirmed substantive coverage"
"destinations/saudi-arabia","Saudi Arabia: destination and mobility overview","السعودية: نظرة على خيارات السفر والانتقال","false","Hold for confirmed substantive coverage"
"destinations/malaysia","Malaysia: destination and mobility overview","ماليزيا: نظرة على خيارات السفر والانتقال","false","Hold for confirmed substantive coverage"
"destinations/singapore","Singapore: destination and mobility overview","سنغافورة: نظرة على خيارات السفر والانتقال","false","Hold for confirmed substantive coverage"
"destinations/ireland","Ireland: destination and mobility overview","أيرلندا: نظرة على خيارات السفر والانتقال","false","Hold for confirmed substantive coverage"
"destinations/cyprus","Cyprus: destination and mobility overview","قبرص: نظرة على خيارات السفر والانتقال","false","Hold for confirmed substantive coverage"
"destinations/russia","Russia: destination and mobility overview","روسيا: نظرة على خيارات السفر والانتقال","false","Hold for confirmed substantive coverage"
"destinations/italy","Italy: destination and mobility overview","إيطاليا: نظرة على خيارات السفر والانتقال","false","Hold for confirmed substantive coverage"
"destinations/france","France: destination and mobility overview","فرنسا: نظرة على خيارات السفر والانتقال","false","Hold for confirmed substantive coverage"
"destinations/switzerland","Switzerland: destination and mobility overview","سويسرا: نظرة على خيارات السفر والانتقال","false","Hold for confirmed substantive coverage"
"destinations/germany","Germany: destination and mobility overview","ألمانيا: نظرة على خيارات السفر والانتقال","true","Distinct service / route / editorial / navigation intent"
"destinations/greece","Greece: destination and mobility overview","اليونان: نظرة على خيارات السفر والانتقال","false","Hold for confirmed substantive coverage"
"destinations/finland","Finland: destination and mobility overview","فنلندا: نظرة على خيارات السفر والانتقال","false","Hold for confirmed substantive coverage"
"destinations/netherlands","Netherlands: destination and mobility overview","هولندا: نظرة على خيارات السفر والانتقال","false","Hold for confirmed substantive coverage"
"destinations/spain","Spain: destination and mobility overview","إسبانيا: نظرة على خيارات السفر والانتقال","false","Hold for confirmed substantive coverage"
"destinations/sweden","Sweden: destination and mobility overview","السويد: نظرة على خيارات السفر والانتقال","true","Distinct service / route / editorial / navigation intent"
"destinations/austria","Austria: destination and mobility overview","النمسا: نظرة على خيارات السفر والانتقال","false","Hold for confirmed substantive coverage"
"destinations/iceland","Iceland: destination and mobility overview","آيسلندا: نظرة على خيارات السفر والانتقال","false","Hold for confirmed substantive coverage"
"destinations/poland","Poland: destination and mobility overview","بولندا: نظرة على خيارات السفر والانتقال","false","Hold for confirmed substantive coverage"
"destinations/czech-republic","Czech Republic: destination and mobility overview","التشيك: نظرة على خيارات السفر والانتقال","false","Hold for confirmed substantive coverage"
"destinations/lithuania","Lithuania: destination and mobility overview","ليتوانيا: نظرة على خيارات السفر والانتقال","false","Hold for confirmed substantive coverage"
"destinations/latvia","Latvia: destination and mobility overview","لاتفيا: نظرة على خيارات السفر والانتقال","false","Hold for confirmed substantive coverage"
"destinations/estonia","Estonia: destination and mobility overview","إستونيا: نظرة على خيارات السفر والانتقال","false","Hold for confirmed substantive coverage"
"destinations/monaco","Monaco: destination and mobility overview","موناكو: نظرة على خيارات السفر والانتقال","false","Hold for confirmed substantive coverage"
"destinations/san-marino","San Marino: destination and mobility overview","سان مارينو: نظرة على خيارات السفر والانتقال","false","Hold for confirmed substantive coverage"
"destinations/liechtenstein","Liechtenstein: destination and mobility overview","ليختنشتاين: نظرة على خيارات السفر والانتقال","false","Hold for confirmed substantive coverage"
"destinations/luxembourg","Luxembourg: destination and mobility overview","لوكسمبورغ: نظرة على خيارات السفر والانتقال","false","Hold for confirmed substantive coverage"
"destinations/vatican-city","Vatican City: destination and mobility overview","الفاتيكان: نظرة على خيارات السفر والانتقال","false","Hold for confirmed substantive coverage"
"destinations/slovakia","Slovakia: destination and mobility overview","سلوفاكيا: نظرة على خيارات السفر والانتقال","false","Hold for confirmed substantive coverage"
"destinations/bulgaria","Bulgaria: destination and mobility overview","بلغاريا: نظرة على خيارات السفر والانتقال","false","Hold for confirmed substantive coverage"
"destinations/slovenia","Slovenia: destination and mobility overview","سلوفينيا: نظرة على خيارات السفر والانتقال","false","Hold for confirmed substantive coverage"
"destinations/hungary","Hungary: destination and mobility overview","المجر: نظرة على خيارات السفر والانتقال","false","Hold for confirmed substantive coverage"
"destinations/portugal","Portugal: destination and mobility overview","البرتغال: نظرة على خيارات السفر والانتقال","true","Distinct service / route / editorial / navigation intent"
"destinations/norway","Norway: destination and mobility overview","النرويج: نظرة على خيارات السفر والانتقال","false","Hold for confirmed substantive coverage"
"destinations/tanzania","Tanzania: destination and mobility overview","تنزانيا: نظرة على خيارات السفر والانتقال","false","Hold for confirmed substantive coverage"
"destinations/brazil","Brazil: destination and mobility overview","البرازيل: نظرة على خيارات السفر والانتقال","false","Hold for confirmed substantive coverage"
"resources/prepare-for-your-consultation","Your first consultation: what to prepare","استشارتك الأولى: كيف تستعد","true","Distinct service / route / editorial / navigation intent"
"resources/job-search-or-work-visa","Job search or work visa: where to begin?","بحث عن عمل أم تأشيرة عمل؟","true","Distinct service / route / editorial / navigation intent"
"resources/organise-your-documents","A calmer way to organise your documents","طريقة أبسط لتنظيم مستنداتك","true","Distinct service / route / editorial / navigation intent"