"Route","Status","Indexable","Title","Description","H1","Canonical","English","Arabic","Schema types"
"/en","200","true","Immigration consultancy in Kuwait | Plan B Consultant","Plan B Consultant helps individuals, families and businesses in Kuwait explore immigration, overseas work, study, visit and investment pathways.","A world of opportunity.A clear plan forward.","https://planbconsultant.com/en","https://planbconsultant.com/en","https://planbconsultant.com/ar","Organization; WebSite; WebPage; BreadcrumbList"
"/en/about","200","true","About our Kuwait immigration consultancy | Plan B Consultant","Meet Plan B Consultant’s approach to global mobility: a review of your goals, clear preparation steps and defined responsibilities from Kuwait.","Your ambition. Our starting point.","https://planbconsultant.com/en/about","https://planbconsultant.com/en/about","https://planbconsultant.com/ar/about","Organization; WebSite; WebPage; BreadcrumbList"
"/en/programmes","200","true","Immigration, work and investment programmes | Plan B Consultant","Compare the immigration, work, study, visit and business routes explained by Plan B Consultant, with eligibility and status distinctions.","Find a programme.Plan your next chapter.","https://planbconsultant.com/en/programmes","https://planbconsultant.com/en/programmes","https://planbconsultant.com/ar/programmes","Organization; WebSite; WebPage; BreadcrumbList"
"/en/services","200","true","Visa and global mobility assistance from Kuwait | Plan B Consultant","Find support for visa preparation, skilled immigration, family applications, job search, language preparation and settlement planning.","A path for every ambition.","https://planbconsultant.com/en/services","https://planbconsultant.com/en/services","https://planbconsultant.com/ar/services","Organization; WebSite; WebPage; BreadcrumbList"
"/en/destinations","200","true","Compare overseas destinations and pathways | Plan B Consultant","Explore destination overviews and follow the documented Canada, Australia, Germany, Sweden, Portugal and United States programmes.","A world of next chapters.","https://planbconsultant.com/en/destinations","https://planbconsultant.com/en/destinations","https://planbconsultant.com/ar/destinations","Organization; WebSite; WebPage; BreadcrumbList"
"/en/resources","200","true","Immigration consultation and document guides | Plan B Consultant","Read practical guides to preparing for a consultation, separating job search from work permission and organising documents securely.","A more informed beginning.","https://planbconsultant.com/en/resources","https://planbconsultant.com/en/resources","https://planbconsultant.com/ar/resources","Organization; WebSite; WebPage; BreadcrumbList"
"/en/consultation","200","true","Request an immigration consultation from Kuwait | Plan B Consultant","Share your plans with Plan B Consultant for an initial review. Understand the next steps; an enquiry does not confirm eligibility or an appointment.","Your next chapter starts here.","https://planbconsultant.com/en/consultation","https://planbconsultant.com/en/consultation","https://planbconsultant.com/ar/consultation","Organization; WebSite; WebPage; BreadcrumbList"
"/en/contact","200","true","Contact Plan B Consultant in Kuwait | Plan B Consultant","Contact our Kuwait-based team by phone, email or WhatsApp to discuss your immigration, work, study or investment enquiry.","Let’s discuss your next step.","https://planbconsultant.com/en/contact","https://planbconsultant.com/en/contact","https://planbconsultant.com/ar/contact","Organization; WebSite; WebPage; BreadcrumbList"
"/en/privacy","200","true","Enquiry privacy and personal information | Plan B Consultant","Understand the information requested by Plan B Consultant’s enquiry forms, its purpose and precautions when sharing personal documents.","Enquiry privacy notice","https://planbconsultant.com/en/privacy","https://planbconsultant.com/en/privacy","https://planbconsultant.com/ar/privacy","Organization; WebSite; WebPage; BreadcrumbList"
"/en/faqs","200","true","Immigration and visa consultation questions | Plan B Consultant","Answers about Plan B Consultant’s initial assessments, service scope, visa decisions and preparing for your first conversation.","Clarity before you begin.","https://planbconsultant.com/en/faqs","https://planbconsultant.com/en/faqs","https://planbconsultant.com/ar/faqs","Organization; WebSite; WebPage; BreadcrumbList"
"/en/programmes/canada-express-entry","200","true","Canada Express Entry guidance from Kuwait | Plan B Consultant","Explore permanent residence through the Federal Skilled Worker Program, Canadian Experience Class or Federal Skilled Trades Program. Express Entry manages applications; each programme has its own requirements.","Canada Express Entry","https://planbconsultant.com/en/programmes/canada-express-entry","https://planbconsultant.com/en/programmes/canada-express-entry","https://planbconsultant.com/ar/programmes/canada-express-entry","Organization; WebSite; WebPage; BreadcrumbList; Service"
"/en/programmes/australia-skilled-migration","200","true","Australia skilled migration guidance from Kuwait | Plan B Consultant","Understand the differences between subclass 189, subclass 190 and the regional provisional subclass 491. The appropriate route depends on your occupation and circumstances.","Australia skilled migration","https://planbconsultant.com/en/programmes/australia-skilled-migration","https://planbconsultant.com/en/programmes/australia-skilled-migration","https://planbconsultant.com/ar/programmes/australia-skilled-migration","Organization; WebSite; WebPage; BreadcrumbList; Service"
"/en/programmes/australia-work-visas","200","true","Australia work visas guidance from Kuwait | Plan B Consultant","Explore employer-sponsored opportunities, including the Skills in Demand subclass 482 and Employer Nomination Scheme subclass 186.","Australia work visas","https://planbconsultant.com/en/programmes/australia-work-visas","https://planbconsultant.com/en/programmes/australia-work-visas","https://planbconsultant.com/ar/programmes/australia-work-visas","Organization; WebSite; WebPage; BreadcrumbList; Service"
"/en/programmes/germany-nursing","200","true","Nursing careers in Germany guidance from Kuwait | Plan B Consultant","Plan your nursing pathway around professional recognition, language preparation and an appropriate employment offer.","Nursing careers in Germany","https://planbconsultant.com/en/programmes/germany-nursing","https://planbconsultant.com/en/programmes/germany-nursing","https://planbconsultant.com/ar/programmes/germany-nursing","Organization; WebSite; WebPage; BreadcrumbList; Service"
"/en/programmes/germany-car-mechanics","200","true","Car mechanic careers in Germany guidance from Kuwait | Plan B Consultant","Explore a skilled-work route based on your automotive qualification, professional experience and a verified job offer.","Car mechanic careers in Germany","https://planbconsultant.com/en/programmes/germany-car-mechanics","https://planbconsultant.com/en/programmes/germany-car-mechanics","https://planbconsultant.com/ar/programmes/germany-car-mechanics","Organization; WebSite; WebPage; BreadcrumbList; Service"
"/en/programmes/sweden-work-permit","200","true","Sweden work permits guidance from Kuwait | Plan B Consultant","Prepare for an employer-based work-permit application with clear information about the job, salary, insurance and employment conditions.","Sweden work permits","https://planbconsultant.com/en/programmes/sweden-work-permit","https://planbconsultant.com/en/programmes/sweden-work-permit","https://planbconsultant.com/ar/programmes/sweden-work-permit","Organization; WebSite; WebPage; BreadcrumbList; Service"
"/en/programmes/portugal-work-residence","200","true","Portugal work & residence guidance from Kuwait | Plan B Consultant","Explore the residence and visa route appropriate to your employment plans. The exact category must be identified before preparing an application.","Portugal work & residence","https://planbconsultant.com/en/programmes/portugal-work-residence","https://planbconsultant.com/en/programmes/portugal-work-residence","https://planbconsultant.com/ar/programmes/portugal-work-residence","Organization; WebSite; WebPage; BreadcrumbList; Service"
"/en/programmes/canada-c11","200","true","Canada C11 business owners guidance from Kuwait | Plan B Consultant","An LMIA-exempt temporary work-permit route for qualifying business owners whose work provides a significant benefit to Canada.","Canada C11 business owners","https://planbconsultant.com/en/programmes/canada-c11","https://planbconsultant.com/en/programmes/canada-c11","https://planbconsultant.com/ar/programmes/canada-c11","Organization; WebSite; WebPage; BreadcrumbList; Service"
"/en/programmes/usa-eb5","200","true","USA EB-5 investor programme guidance from Kuwait | Plan B Consultant","Explore a qualifying investment-based route to U.S. permanent residence for eligible investors and family members.","USA EB-5 investor programme","https://planbconsultant.com/en/programmes/usa-eb5","https://planbconsultant.com/en/programmes/usa-eb5","https://planbconsultant.com/ar/programmes/usa-eb5","Organization; WebSite; WebPage; BreadcrumbList; Service"
"/en/programmes/usa-e2","200","true","USA E-2 treaty investor guidance from Kuwait | Plan B Consultant","A temporary investor category for eligible treaty-country nationals developing and directing a qualifying U.S. business.","USA E-2 treaty investor","https://planbconsultant.com/en/programmes/usa-e2","https://planbconsultant.com/en/programmes/usa-e2","https://planbconsultant.com/ar/programmes/usa-e2","Organization; WebSite; WebPage; BreadcrumbList; Service"
"/en/programmes/citizenship-investment","200","false","Citizenship by investment guidance from Kuwait | Plan B Consultant","Start with a comparison of your mobility, family and investment objectives before considering a specific citizenship programme.","Citizenship by investment","https://planbconsultant.com/en/programmes/citizenship-investment","https://planbconsultant.com/en/programmes/citizenship-investment","https://planbconsultant.com/ar/programmes/citizenship-investment","Organization; WebSite; WebPage; BreadcrumbList; Service"
"/en/programmes/study-visas","200","true","Study abroad & student visas guidance from Kuwait | Plan B Consultant","Discuss your study plans, admission status and questions about preparing for the relevant student-visa process.","Study abroad & student visas","https://planbconsultant.com/en/programmes/study-visas","https://planbconsultant.com/en/programmes/study-visas","https://planbconsultant.com/ar/programmes/study-visas","Organization; WebSite; WebPage; BreadcrumbList; Service"
"/en/programmes/visit-visas","200","true","Visit & travel visas guidance from Kuwait | Plan B Consultant","Prepare a clear application for tourism, family visits or permitted short business visits.","Visit & travel visas","https://planbconsultant.com/en/programmes/visit-visas","https://planbconsultant.com/en/programmes/visit-visas","https://planbconsultant.com/ar/programmes/visit-visas","Organization; WebSite; WebPage; BreadcrumbList; Service"
"/en/services/residency-by-investment","200","true","Residency through investment assistance | Plan B Consultant","Explore how an investment-related route may fit your residence and family plans. Start with the documented U.S. EB-5 programme and a discussion of your circumstances.","Residency through investment","https://planbconsultant.com/en/services/residency-by-investment","https://planbconsultant.com/en/services/residency-by-investment","https://planbconsultant.com/ar/services/residency-by-investment","Organization; WebSite; WebPage; BreadcrumbList; Service"
"/en/services/citizenship-by-investment","200","true","Citizenship by investment assistance | Plan B Consultant","Discuss your citizenship and mobility objectives before choosing a programme. This is an initial enquiry service; no specific country or investment package is offered on this overview.","Citizenship by investment","https://planbconsultant.com/en/services/citizenship-by-investment","https://planbconsultant.com/en/services/citizenship-by-investment","https://planbconsultant.com/ar/services/citizenship-by-investment","Organization; WebSite; WebPage; BreadcrumbList; Service"
"/en/services/skilled-immigration","200","true","Skilled immigration assistance | Plan B Consultant","Explore migration pathways around your qualifications, experience and long-term ambitions.","Skilled immigration","https://planbconsultant.com/en/services/skilled-immigration","https://planbconsultant.com/en/services/skilled-immigration","https://planbconsultant.com/ar/services/skilled-immigration","Organization; WebSite; WebPage; BreadcrumbList; Service"
"/en/services/work-visas","200","true","Work visas & permits assistance | Plan B Consultant","Understand the preparation and application steps for your next professional move abroad.","Work visas & permits","https://planbconsultant.com/en/services/work-visas","https://planbconsultant.com/en/services/work-visas","https://planbconsultant.com/ar/services/work-visas","Organization; WebSite; WebPage; BreadcrumbList; Service"
"/en/services/visit-visas","200","true","Visit visas assistance | Plan B Consultant","From a long-awaited holiday to a family reunion, prepare for your journey with greater clarity.","Visit visas","https://planbconsultant.com/en/services/visit-visas","https://planbconsultant.com/en/services/visit-visas","https://planbconsultant.com/ar/services/visit-visas","Organization; WebSite; WebPage; BreadcrumbList; Service"
"/en/services/study-abroad","200","true","Study visas assistance | Plan B Consultant","Discuss your study plans and the preparation for a student-visa enquiry, based on your intended destination and admission status.","Study visas","https://planbconsultant.com/en/services/study-abroad","https://planbconsultant.com/en/services/study-abroad","https://planbconsultant.com/ar/services/study-abroad","Organization; WebSite; WebPage; BreadcrumbList; Service"
"/en/services/global-job-search","200","true","Global job search assistance | Plan B Consultant","Present your experience confidently with focused support for your international job search.","Global job search","https://planbconsultant.com/en/services/global-job-search","https://planbconsultant.com/en/services/global-job-search","https://planbconsultant.com/ar/services/global-job-search","Organization; WebSite; WebPage; BreadcrumbList; Service"
"/en/services/business-immigration","200","true","Business immigration assistance | Plan B Consultant","Explore international business and residency possibilities around your entrepreneurial goals.","Business immigration","https://planbconsultant.com/en/services/business-immigration","https://planbconsultant.com/en/services/business-immigration","https://planbconsultant.com/ar/services/business-immigration","Organization; WebSite; WebPage; BreadcrumbList; Service"
"/en/services/family-visas","200","true","Family & dependent visas assistance | Plan B Consultant","Understand the steps involved in joining or accompanying family abroad.","Family & dependent visas","https://planbconsultant.com/en/services/family-visas","https://planbconsultant.com/en/services/family-visas","https://planbconsultant.com/ar/services/family-visas","Organization; WebSite; WebPage; BreadcrumbList; Service"
"/en/services/permanent-residency","200","true","Permanent residency support assistance | Plan B Consultant","Discuss residency applications, documentation and PR-card renewal support where applicable.","Permanent residency support","https://planbconsultant.com/en/services/permanent-residency","https://planbconsultant.com/en/services/permanent-residency","https://planbconsultant.com/ar/services/permanent-residency","Organization; WebSite; WebPage; BreadcrumbList; Service"
"/en/services/ielts-preparation","200","true","IELTS preparation assistance | Plan B Consultant","Discuss language preparation around your education, career or migration plans.","IELTS preparation","https://planbconsultant.com/en/services/ielts-preparation","https://planbconsultant.com/en/services/ielts-preparation","https://planbconsultant.com/ar/services/ielts-preparation","Organization; WebSite; WebPage; BreadcrumbList; Service"
"/en/services/settlement-support","200","true","Pre-departure & settlement assistance | Plan B Consultant","Organise practical questions before departure and discuss the support available after arrival.","Pre-departure & settlement","https://planbconsultant.com/en/services/settlement-support","https://planbconsultant.com/en/services/settlement-support","https://planbconsultant.com/ar/services/settlement-support","Organization; WebSite; WebPage; BreadcrumbList; Service"
"/en/destinations/canada","200","true","Canada: destination and mobility overview | Plan B Consultant","Consider Canada as a destination, distinguish visits, study, work and residence, and discuss your plans with Plan B Consultant.","Canada","https://planbconsultant.com/en/destinations/canada","https://planbconsultant.com/en/destinations/canada","https://planbconsultant.com/ar/destinations/canada","Organization; WebSite; WebPage; BreadcrumbList"
"/en/destinations/australia","200","true","Australia: destination and mobility overview | Plan B Consultant","Consider Australia as a destination, distinguish visits, study, work and residence, and discuss your plans with Plan B Consultant.","Australia","https://planbconsultant.com/en/destinations/australia","https://planbconsultant.com/en/destinations/australia","https://planbconsultant.com/ar/destinations/australia","Organization; WebSite; WebPage; BreadcrumbList"
"/en/destinations/united-kingdom","200","false","United Kingdom: destination and mobility overview | Plan B Consultant","Consider United Kingdom as a destination, distinguish visits, study, work and residence, and discuss your plans with Plan B Consultant.","United Kingdom","https://planbconsultant.com/en/destinations/united-kingdom","https://planbconsultant.com/en/destinations/united-kingdom","https://planbconsultant.com/ar/destinations/united-kingdom","Organization; WebSite; WebPage; BreadcrumbList"
"/en/destinations/united-states","200","true","United States: destination and mobility overview | Plan B Consultant","Consider United States as a destination, distinguish visits, study, work and residence, and discuss your plans with Plan B Consultant.","United States","https://planbconsultant.com/en/destinations/united-states","https://planbconsultant.com/en/destinations/united-states","https://planbconsultant.com/ar/destinations/united-states","Organization; WebSite; WebPage; BreadcrumbList"
"/en/destinations/new-zealand","200","false","New Zealand: destination and mobility overview | Plan B Consultant","Consider New Zealand as a destination, distinguish visits, study, work and residence, and discuss your plans with Plan B Consultant.","New Zealand","https://planbconsultant.com/en/destinations/new-zealand","https://planbconsultant.com/en/destinations/new-zealand","https://planbconsultant.com/ar/destinations/new-zealand","Organization; WebSite; WebPage; BreadcrumbList"
"/en/destinations/schengen","200","false","Schengen: destination and mobility overview | Plan B Consultant","Consider Schengen as a destination, distinguish visits, study, work and residence, and discuss your plans with Plan B Consultant.","Schengen","https://planbconsultant.com/en/destinations/schengen","https://planbconsultant.com/en/destinations/schengen","https://planbconsultant.com/ar/destinations/schengen","Organization; WebSite; WebPage; BreadcrumbList"
"/en/destinations/thailand","200","false","Thailand: destination and mobility overview | Plan B Consultant","Consider Thailand as a destination, distinguish visits, study, work and residence, and discuss your plans with Plan B Consultant.","Thailand","https://planbconsultant.com/en/destinations/thailand","https://planbconsultant.com/en/destinations/thailand","https://planbconsultant.com/ar/destinations/thailand","Organization; WebSite; WebPage; BreadcrumbList"
"/en/destinations/japan","200","false","Japan: destination and mobility overview | Plan B Consultant","Consider Japan as a destination, distinguish visits, study, work and residence, and discuss your plans with Plan B Consultant.","Japan","https://planbconsultant.com/en/destinations/japan","https://planbconsultant.com/en/destinations/japan","https://planbconsultant.com/ar/destinations/japan","Organization; WebSite; WebPage; BreadcrumbList"
"/en/destinations/turkey","200","false","Turkey: destination and mobility overview | Plan B Consultant","Consider Turkey as a destination, distinguish visits, study, work and residence, and discuss your plans with Plan B Consultant.","Turkey","https://planbconsultant.com/en/destinations/turkey","https://planbconsultant.com/en/destinations/turkey","https://planbconsultant.com/ar/destinations/turkey","Organization; WebSite; WebPage; BreadcrumbList"
"/en/destinations/china","200","false","China: destination and mobility overview | Plan B Consultant","Consider China as a destination, distinguish visits, study, work and residence, and discuss your plans with Plan B Consultant.","China","https://planbconsultant.com/en/destinations/china","https://planbconsultant.com/en/destinations/china","https://planbconsultant.com/ar/destinations/china","Organization; WebSite; WebPage; BreadcrumbList"
"/en/destinations/south-korea","200","false","South Korea: destination and mobility overview | Plan B Consultant","Consider South Korea as a destination, distinguish visits, study, work and residence, and discuss your plans with Plan B Consultant.","South Korea","https://planbconsultant.com/en/destinations/south-korea","https://planbconsultant.com/en/destinations/south-korea","https://planbconsultant.com/ar/destinations/south-korea","Organization; WebSite; WebPage; BreadcrumbList"
"/en/destinations/saudi-arabia","200","false","Saudi Arabia: destination and mobility overview | Plan B Consultant","Consider Saudi Arabia as a destination, distinguish visits, study, work and residence, and discuss your plans with Plan B Consultant.","Saudi Arabia","https://planbconsultant.com/en/destinations/saudi-arabia","https://planbconsultant.com/en/destinations/saudi-arabia","https://planbconsultant.com/ar/destinations/saudi-arabia","Organization; WebSite; WebPage; BreadcrumbList"
"/en/destinations/malaysia","200","false","Malaysia: destination and mobility overview | Plan B Consultant","Consider Malaysia as a destination, distinguish visits, study, work and residence, and discuss your plans with Plan B Consultant.","Malaysia","https://planbconsultant.com/en/destinations/malaysia","https://planbconsultant.com/en/destinations/malaysia","https://planbconsultant.com/ar/destinations/malaysia","Organization; WebSite; WebPage; BreadcrumbList"
"/en/destinations/singapore","200","false","Singapore: destination and mobility overview | Plan B Consultant","Consider Singapore as a destination, distinguish visits, study, work and residence, and discuss your plans with Plan B Consultant.","Singapore","https://planbconsultant.com/en/destinations/singapore","https://planbconsultant.com/en/destinations/singapore","https://planbconsultant.com/ar/destinations/singapore","Organization; WebSite; WebPage; BreadcrumbList"
"/en/destinations/ireland","200","false","Ireland: destination and mobility overview | Plan B Consultant","Consider Ireland as a destination, distinguish visits, study, work and residence, and discuss your plans with Plan B Consultant.","Ireland","https://planbconsultant.com/en/destinations/ireland","https://planbconsultant.com/en/destinations/ireland","https://planbconsultant.com/ar/destinations/ireland","Organization; WebSite; WebPage; BreadcrumbList"
"/en/destinations/cyprus","200","false","Cyprus: destination and mobility overview | Plan B Consultant","Consider Cyprus as a destination, distinguish visits, study, work and residence, and discuss your plans with Plan B Consultant.","Cyprus","https://planbconsultant.com/en/destinations/cyprus","https://planbconsultant.com/en/destinations/cyprus","https://planbconsultant.com/ar/destinations/cyprus","Organization; WebSite; WebPage; BreadcrumbList"
"/en/destinations/russia","200","false","Russia: destination and mobility overview | Plan B Consultant","Consider Russia as a destination, distinguish visits, study, work and residence, and discuss your plans with Plan B Consultant.","Russia","https://planbconsultant.com/en/destinations/russia","https://planbconsultant.com/en/destinations/russia","https://planbconsultant.com/ar/destinations/russia","Organization; WebSite; WebPage; BreadcrumbList"
"/en/destinations/italy","200","false","Italy: destination and mobility overview | Plan B Consultant","Consider Italy as a destination, distinguish visits, study, work and residence, and discuss your plans with Plan B Consultant.","Italy","https://planbconsultant.com/en/destinations/italy","https://planbconsultant.com/en/destinations/italy","https://planbconsultant.com/ar/destinations/italy","Organization; WebSite; WebPage; BreadcrumbList"
"/en/destinations/france","200","false","France: destination and mobility overview | Plan B Consultant","Consider France as a destination, distinguish visits, study, work and residence, and discuss your plans with Plan B Consultant.","France","https://planbconsultant.com/en/destinations/france","https://planbconsultant.com/en/destinations/france","https://planbconsultant.com/ar/destinations/france","Organization; WebSite; WebPage; BreadcrumbList"
"/en/destinations/switzerland","200","false","Switzerland: destination and mobility overview | Plan B Consultant","Consider Switzerland as a destination, distinguish visits, study, work and residence, and discuss your plans with Plan B Consultant.","Switzerland","https://planbconsultant.com/en/destinations/switzerland","https://planbconsultant.com/en/destinations/switzerland","https://planbconsultant.com/ar/destinations/switzerland","Organization; WebSite; WebPage; BreadcrumbList"
"/en/destinations/germany","200","true","Germany: destination and mobility overview | Plan B Consultant","Consider Germany as a destination, distinguish visits, study, work and residence, and discuss your plans with Plan B Consultant.","Germany","https://planbconsultant.com/en/destinations/germany","https://planbconsultant.com/en/destinations/germany","https://planbconsultant.com/ar/destinations/germany","Organization; WebSite; WebPage; BreadcrumbList"
"/en/destinations/greece","200","false","Greece: destination and mobility overview | Plan B Consultant","Consider Greece as a destination, distinguish visits, study, work and residence, and discuss your plans with Plan B Consultant.","Greece","https://planbconsultant.com/en/destinations/greece","https://planbconsultant.com/en/destinations/greece","https://planbconsultant.com/ar/destinations/greece","Organization; WebSite; WebPage; BreadcrumbList"
"/en/destinations/finland","200","false","Finland: destination and mobility overview | Plan B Consultant","Consider Finland as a destination, distinguish visits, study, work and residence, and discuss your plans with Plan B Consultant.","Finland","https://planbconsultant.com/en/destinations/finland","https://planbconsultant.com/en/destinations/finland","https://planbconsultant.com/ar/destinations/finland","Organization; WebSite; WebPage; BreadcrumbList"
"/en/destinations/netherlands","200","false","Netherlands: destination and mobility overview | Plan B Consultant","Consider Netherlands as a destination, distinguish visits, study, work and residence, and discuss your plans with Plan B Consultant.","Netherlands","https://planbconsultant.com/en/destinations/netherlands","https://planbconsultant.com/en/destinations/netherlands","https://planbconsultant.com/ar/destinations/netherlands","Organization; WebSite; WebPage; BreadcrumbList"
"/en/destinations/spain","200","false","Spain: destination and mobility overview | Plan B Consultant","Consider Spain as a destination, distinguish visits, study, work and residence, and discuss your plans with Plan B Consultant.","Spain","https://planbconsultant.com/en/destinations/spain","https://planbconsultant.com/en/destinations/spain","https://planbconsultant.com/ar/destinations/spain","Organization; WebSite; WebPage; BreadcrumbList"
"/en/destinations/sweden","200","true","Sweden: destination and mobility overview | Plan B Consultant","Consider Sweden as a destination, distinguish visits, study, work and residence, and discuss your plans with Plan B Consultant.","Sweden","https://planbconsultant.com/en/destinations/sweden","https://planbconsultant.com/en/destinations/sweden","https://planbconsultant.com/ar/destinations/sweden","Organization; WebSite; WebPage; BreadcrumbList"
"/en/destinations/austria","200","false","Austria: destination and mobility overview | Plan B Consultant","Consider Austria as a destination, distinguish visits, study, work and residence, and discuss your plans with Plan B Consultant.","Austria","https://planbconsultant.com/en/destinations/austria","https://planbconsultant.com/en/destinations/austria","https://planbconsultant.com/ar/destinations/austria","Organization; WebSite; WebPage; BreadcrumbList"
"/en/destinations/iceland","200","false","Iceland: destination and mobility overview | Plan B Consultant","Consider Iceland as a destination, distinguish visits, study, work and residence, and discuss your plans with Plan B Consultant.","Iceland","https://planbconsultant.com/en/destinations/iceland","https://planbconsultant.com/en/destinations/iceland","https://planbconsultant.com/ar/destinations/iceland","Organization; WebSite; WebPage; BreadcrumbList"
"/en/destinations/poland","200","false","Poland: destination and mobility overview | Plan B Consultant","Consider Poland as a destination, distinguish visits, study, work and residence, and discuss your plans with Plan B Consultant.","Poland","https://planbconsultant.com/en/destinations/poland","https://planbconsultant.com/en/destinations/poland","https://planbconsultant.com/ar/destinations/poland","Organization; WebSite; WebPage; BreadcrumbList"
"/en/destinations/czech-republic","200","false","Czech Republic: destination and mobility overview | Plan B Consultant","Consider Czech Republic as a destination, distinguish visits, study, work and residence, and discuss your plans with Plan B Consultant.","Czech Republic","https://planbconsultant.com/en/destinations/czech-republic","https://planbconsultant.com/en/destinations/czech-republic","https://planbconsultant.com/ar/destinations/czech-republic","Organization; WebSite; WebPage; BreadcrumbList"
"/en/destinations/lithuania","200","false","Lithuania: destination and mobility overview | Plan B Consultant","Consider Lithuania as a destination, distinguish visits, study, work and residence, and discuss your plans with Plan B Consultant.","Lithuania","https://planbconsultant.com/en/destinations/lithuania","https://planbconsultant.com/en/destinations/lithuania","https://planbconsultant.com/ar/destinations/lithuania","Organization; WebSite; WebPage; BreadcrumbList"
"/en/destinations/latvia","200","false","Latvia: destination and mobility overview | Plan B Consultant","Consider Latvia as a destination, distinguish visits, study, work and residence, and discuss your plans with Plan B Consultant.","Latvia","https://planbconsultant.com/en/destinations/latvia","https://planbconsultant.com/en/destinations/latvia","https://planbconsultant.com/ar/destinations/latvia","Organization; WebSite; WebPage; BreadcrumbList"
"/en/destinations/estonia","200","false","Estonia: destination and mobility overview | Plan B Consultant","Consider Estonia as a destination, distinguish visits, study, work and residence, and discuss your plans with Plan B Consultant.","Estonia","https://planbconsultant.com/en/destinations/estonia","https://planbconsultant.com/en/destinations/estonia","https://planbconsultant.com/ar/destinations/estonia","Organization; WebSite; WebPage; BreadcrumbList"
"/en/destinations/monaco","200","false","Monaco: destination and mobility overview | Plan B Consultant","Consider Monaco as a destination, distinguish visits, study, work and residence, and discuss your plans with Plan B Consultant.","Monaco","https://planbconsultant.com/en/destinations/monaco","https://planbconsultant.com/en/destinations/monaco","https://planbconsultant.com/ar/destinations/monaco","Organization; WebSite; WebPage; BreadcrumbList"
"/en/destinations/san-marino","200","false","San Marino: destination and mobility overview | Plan B Consultant","Consider San Marino as a destination, distinguish visits, study, work and residence, and discuss your plans with Plan B Consultant.","San Marino","https://planbconsultant.com/en/destinations/san-marino","https://planbconsultant.com/en/destinations/san-marino","https://planbconsultant.com/ar/destinations/san-marino","Organization; WebSite; WebPage; BreadcrumbList"
"/en/destinations/liechtenstein","200","false","Liechtenstein: destination and mobility overview | Plan B Consultant","Consider Liechtenstein as a destination, distinguish visits, study, work and residence, and discuss your plans with Plan B Consultant.","Liechtenstein","https://planbconsultant.com/en/destinations/liechtenstein","https://planbconsultant.com/en/destinations/liechtenstein","https://planbconsultant.com/ar/destinations/liechtenstein","Organization; WebSite; WebPage; BreadcrumbList"
"/en/destinations/luxembourg","200","false","Luxembourg: destination and mobility overview | Plan B Consultant","Consider Luxembourg as a destination, distinguish visits, study, work and residence, and discuss your plans with Plan B Consultant.","Luxembourg","https://planbconsultant.com/en/destinations/luxembourg","https://planbconsultant.com/en/destinations/luxembourg","https://planbconsultant.com/ar/destinations/luxembourg","Organization; WebSite; WebPage; BreadcrumbList"
"/en/destinations/vatican-city","200","false","Vatican City: destination and mobility overview | Plan B Consultant","Consider Vatican City as a destination, distinguish visits, study, work and residence, and discuss your plans with Plan B Consultant.","Vatican City","https://planbconsultant.com/en/destinations/vatican-city","https://planbconsultant.com/en/destinations/vatican-city","https://planbconsultant.com/ar/destinations/vatican-city","Organization; WebSite; WebPage; BreadcrumbList"
"/en/destinations/slovakia","200","false","Slovakia: destination and mobility overview | Plan B Consultant","Consider Slovakia as a destination, distinguish visits, study, work and residence, and discuss your plans with Plan B Consultant.","Slovakia","https://planbconsultant.com/en/destinations/slovakia","https://planbconsultant.com/en/destinations/slovakia","https://planbconsultant.com/ar/destinations/slovakia","Organization; WebSite; WebPage; BreadcrumbList"
"/en/destinations/bulgaria","200","false","Bulgaria: destination and mobility overview | Plan B Consultant","Consider Bulgaria as a destination, distinguish visits, study, work and residence, and discuss your plans with Plan B Consultant.","Bulgaria","https://planbconsultant.com/en/destinations/bulgaria","https://planbconsultant.com/en/destinations/bulgaria","https://planbconsultant.com/ar/destinations/bulgaria","Organization; WebSite; WebPage; BreadcrumbList"
"/en/destinations/slovenia","200","false","Slovenia: destination and mobility overview | Plan B Consultant","Consider Slovenia as a destination, distinguish visits, study, work and residence, and discuss your plans with Plan B Consultant.","Slovenia","https://planbconsultant.com/en/destinations/slovenia","https://planbconsultant.com/en/destinations/slovenia","https://planbconsultant.com/ar/destinations/slovenia","Organization; WebSite; WebPage; BreadcrumbList"
"/en/destinations/hungary","200","false","Hungary: destination and mobility overview | Plan B Consultant","Consider Hungary as a destination, distinguish visits, study, work and residence, and discuss your plans with Plan B Consultant.","Hungary","https://planbconsultant.com/en/destinations/hungary","https://planbconsultant.com/en/destinations/hungary","https://planbconsultant.com/ar/destinations/hungary","Organization; WebSite; WebPage; BreadcrumbList"
"/en/destinations/portugal","200","true","Portugal: destination and mobility overview | Plan B Consultant","Consider Portugal as a destination, distinguish visits, study, work and residence, and discuss your plans with Plan B Consultant.","Portugal","https://planbconsultant.com/en/destinations/portugal","https://planbconsultant.com/en/destinations/portugal","https://planbconsultant.com/ar/destinations/portugal","Organization; WebSite; WebPage; BreadcrumbList"
"/en/destinations/norway","200","false","Norway: destination and mobility overview | Plan B Consultant","Consider Norway as a destination, distinguish visits, study, work and residence, and discuss your plans with Plan B Consultant.","Norway","https://planbconsultant.com/en/destinations/norway","https://planbconsultant.com/en/destinations/norway","https://planbconsultant.com/ar/destinations/norway","Organization; WebSite; WebPage; BreadcrumbList"
"/en/destinations/tanzania","200","false","Tanzania: destination and mobility overview | Plan B Consultant","Consider Tanzania as a destination, distinguish visits, study, work and residence, and discuss your plans with Plan B Consultant.","Tanzania","https://planbconsultant.com/en/destinations/tanzania","https://planbconsultant.com/en/destinations/tanzania","https://planbconsultant.com/ar/destinations/tanzania","Organization; WebSite; WebPage; BreadcrumbList"
"/en/destinations/brazil","200","false","Brazil: destination and mobility overview | Plan B Consultant","Consider Brazil as a destination, distinguish visits, study, work and residence, and discuss your plans with Plan B Consultant.","Brazil","https://planbconsultant.com/en/destinations/brazil","https://planbconsultant.com/en/destinations/brazil","https://planbconsultant.com/ar/destinations/brazil","Organization; WebSite; WebPage; BreadcrumbList"
"/en/resources/prepare-for-your-consultation","200","true","Your first consultation: what to prepare | Plan B Consultant","A useful first conversation starts with a clear picture of your plans. You do not need to have every answer before you get in touch.","Your first consultation: what to prepare","https://planbconsultant.com/en/resources/prepare-for-your-consultation","https://planbconsultant.com/en/resources/prepare-for-your-consultation","https://planbconsultant.com/ar/resources/prepare-for-your-consultation","Organization; WebSite; WebPage; BreadcrumbList; Article"
"/en/resources/job-search-or-work-visa","200","true","Job search or work visa: where to begin? | Plan B Consultant","These services address different stages of an overseas career. Knowing your starting point makes the next conversation more useful.","Job search or work visa: where to begin?","https://planbconsultant.com/en/resources/job-search-or-work-visa","https://planbconsultant.com/en/resources/job-search-or-work-visa","https://planbconsultant.com/ar/resources/job-search-or-work-visa","Organization; WebSite; WebPage; BreadcrumbList; Article"
"/en/resources/organise-your-documents","200","true","A calmer way to organise your documents | Plan B Consultant","A tidy document folder helps you discuss your plans clearly and respond to requests without unnecessary confusion.","A calmer way to organise your documents","https://planbconsultant.com/en/resources/organise-your-documents","https://planbconsultant.com/en/resources/organise-your-documents","https://planbconsultant.com/ar/resources/organise-your-documents","Organization; WebSite; WebPage; BreadcrumbList; Article"
"/ar","200","true","استشارات الهجرة في الكويت | Plan B Consultant","تساعدك بلان بي كونسلتنت في الكويت على فهم خيارات الهجرة والعمل والدراسة والزيارة والاستثمار في الخارج والتحضير لخطوتك القادمة.","عالم من الفرص.وخطة واضحة للمضي قدماً.","https://planbconsultant.com/ar","https://planbconsultant.com/en","https://planbconsultant.com/ar","Organization; WebSite; WebPage; BreadcrumbList"
"/ar/about","200","true","عن بلان بي للاستشارات في الكويت | Plan B Consultant","تعرّف على نهج بلان بي كونسلتنت في الكويت: فهم أهدافك وتوضيح خطوات التحضير والمسؤوليات لخطط الانتقال إلى الخارج.","طموحك. نقطة انطلاقنا.","https://planbconsultant.com/ar/about","https://planbconsultant.com/en/about","https://planbconsultant.com/ar/about","Organization; WebSite; WebPage; BreadcrumbList"
"/ar/programmes","200","true","برامج الهجرة والعمل والاستثمار | Plan B Consultant","استكشف برامج بلان بي للهجرة والعمل والدراسة والزيارة والأعمال، وتعرّف على شروط كل مسار ونوع الإقامة التي قد يوفرها.","اعثر على برنامج.خطط لفصلك القادم.","https://planbconsultant.com/ar/programmes","https://planbconsultant.com/en/programmes","https://planbconsultant.com/ar/programmes","Organization; WebSite; WebPage; BreadcrumbList"
"/ar/services","200","true","خدمات التأشيرات والانتقال من الكويت | Plan B Consultant","استكشف خدمات إعداد طلبات التأشيرة وهجرة الكفاءات ولمّ الشمل والبحث عن عمل والتحضير اللغوي والتخطيط للاستقرار.","مسار لكل طموح.","https://planbconsultant.com/ar/services","https://planbconsultant.com/en/services","https://planbconsultant.com/ar/services","Organization; WebSite; WebPage; BreadcrumbList"
"/ar/destinations","200","true","اختيار وجهة الهجرة والعمل بالخارج | Plan B Consultant","استعرض الوجهات وتابع البرامج الموضحة لكندا وأستراليا وألمانيا والسويد والبرتغال والولايات المتحدة بحسب هدفك.","عالم من البدايات الجديدة.","https://planbconsultant.com/ar/destinations","https://planbconsultant.com/en/destinations","https://planbconsultant.com/ar/destinations","Organization; WebSite; WebPage; BreadcrumbList"
"/ar/resources","200","true","أدلة الاستشارة وتجهيز المستندات | Plan B Consultant","اقرأ إرشادات عملية للاستعداد للاستشارة والتمييز بين البحث عن وظيفة وتصريح العمل وتنظيم المستندات ومشاركتها بأمان.","بداية أكثر وعياً.","https://planbconsultant.com/ar/resources","https://planbconsultant.com/en/resources","https://planbconsultant.com/ar/resources","Organization; WebSite; WebPage; BreadcrumbList"
"/ar/consultation","200","true","طلب استشارة هجرة من الكويت | Plan B Consultant","شارك خططك مع بلان بي للمراجعة الأولية وتوضيح الخطوات التالية. الاستفسار لا يعني تأكيد الأهلية أو حجز موعد.","فصلك القادم يبدأ هنا.","https://planbconsultant.com/ar/consultation","https://planbconsultant.com/en/consultation","https://planbconsultant.com/ar/consultation","Organization; WebSite; WebPage; BreadcrumbList"
"/ar/contact","200","true","التواصل مع بلان بي كونسلتنت في الكويت | Plan B Consultant","تواصل مع فريق بلان بي في الكويت عبر الهاتف أو البريد الإلكتروني أو واتساب لمناقشة استفسارك حول الهجرة أو العمل أو الدراسة أو الاستثمار.","لنناقش خطوتك التالية.","https://planbconsultant.com/ar/contact","https://planbconsultant.com/en/contact","https://planbconsultant.com/ar/contact","Organization; WebSite; WebPage; BreadcrumbList"
"/ar/privacy","200","true","خصوصية الاستفسارات والبيانات الشخصية | Plan B Consultant","تعرّف على البيانات المطلوبة في نماذج بلان بي والغرض منها واحتياطات مشاركة المستندات الشخصية.","خصوصية الاستفسارات","https://planbconsultant.com/ar/privacy","https://planbconsultant.com/en/privacy","https://planbconsultant.com/ar/privacy","Organization; WebSite; WebPage; BreadcrumbList"
"/ar/faqs","200","true","أسئلة حول استشارات الهجرة والتأشيرات | Plan B Consultant","إجابات حول التقييم الأولي ونطاق خدمات بلان بي وقرارات التأشيرة والاستعداد للمحادثة الأولى.","وضوح قبل البداية.","https://planbconsultant.com/ar/faqs","https://planbconsultant.com/en/faqs","https://planbconsultant.com/ar/faqs","Organization; WebSite; WebPage; BreadcrumbList"
"/ar/programmes/canada-express-entry","200","true","الدخول السريع إلى كندا — إرشاد من الكويت | Plan B Consultant","استكشف الإقامة الدائمة عبر برنامج العمال المهرة الفيدرالي أو فئة الخبرة الكندية أو برنامج الحرفيين المهرة الفيدرالي. يدير الدخول السريع الطلبات ولكل برنامج شروطه.","الدخول السريع إلى كندا","https://planbconsultant.com/ar/programmes/canada-express-entry","https://planbconsultant.com/en/programmes/canada-express-entry","https://planbconsultant.com/ar/programmes/canada-express-entry","Organization; WebSite; WebPage; BreadcrumbList; Service"
"/ar/programmes/australia-skilled-migration","200","true","هجرة الكفاءات إلى أستراليا — إرشاد من الكويت | Plan B Consultant","تعرّف على الفروق بين الفئات 189 و190 والفئة الإقليمية المؤقتة 491. يعتمد المسار المناسب على المهنة والظروف.","هجرة الكفاءات إلى أستراليا","https://planbconsultant.com/ar/programmes/australia-skilled-migration","https://planbconsultant.com/en/programmes/australia-skilled-migration","https://planbconsultant.com/ar/programmes/australia-skilled-migration","Organization; WebSite; WebPage; BreadcrumbList; Service"
"/ar/programmes/australia-work-visas","200","true","تأشيرات العمل في أستراليا — إرشاد من الكويت | Plan B Consultant","استكشف مسارات العمل برعاية أصحاب العمل، بما فيها تأشيرة المهارات المطلوبة 482 ونظام ترشيح صاحب العمل 186.","تأشيرات العمل في أستراليا","https://planbconsultant.com/ar/programmes/australia-work-visas","https://planbconsultant.com/en/programmes/australia-work-visas","https://planbconsultant.com/ar/programmes/australia-work-visas","Organization; WebSite; WebPage; BreadcrumbList; Service"
"/ar/programmes/germany-nursing","200","true","التمريض في ألمانيا — إرشاد من الكويت | Plan B Consultant","خطط لمسارك في التمريض وفق الاعتراف المهني والاستعداد اللغوي وعرض العمل المناسب.","التمريض في ألمانيا","https://planbconsultant.com/ar/programmes/germany-nursing","https://planbconsultant.com/en/programmes/germany-nursing","https://planbconsultant.com/ar/programmes/germany-nursing","Organization; WebSite; WebPage; BreadcrumbList; Service"
"/ar/programmes/germany-car-mechanics","200","true","ميكانيكا السيارات في ألمانيا — إرشاد من الكويت | Plan B Consultant","استكشف مسار العمل الماهر بناءً على مؤهلك في السيارات وخبرتك وعرض عمل موثّق.","ميكانيكا السيارات في ألمانيا","https://planbconsultant.com/ar/programmes/germany-car-mechanics","https://planbconsultant.com/en/programmes/germany-car-mechanics","https://planbconsultant.com/ar/programmes/germany-car-mechanics","Organization; WebSite; WebPage; BreadcrumbList; Service"
"/ar/programmes/sweden-work-permit","200","true","تصاريح العمل في السويد — إرشاد من الكويت | Plan B Consultant","استعد لطلب تصريح عمل مرتبط بصاحب عمل مع وضوح الوظيفة والراتب والتأمين وشروط التوظيف.","تصاريح العمل في السويد","https://planbconsultant.com/ar/programmes/sweden-work-permit","https://planbconsultant.com/en/programmes/sweden-work-permit","https://planbconsultant.com/ar/programmes/sweden-work-permit","Organization; WebSite; WebPage; BreadcrumbList; Service"
"/ar/programmes/portugal-work-residence","200","true","العمل والإقامة في البرتغال — إرشاد من الكويت | Plan B Consultant","استكشف مسار الإقامة والتأشيرة المناسب لخطط عملك. يجب تحديد الفئة الدقيقة قبل تجهيز الطلب.","العمل والإقامة في البرتغال","https://planbconsultant.com/ar/programmes/portugal-work-residence","https://planbconsultant.com/en/programmes/portugal-work-residence","https://planbconsultant.com/ar/programmes/portugal-work-residence","Organization; WebSite; WebPage; BreadcrumbList; Service"
"/ar/programmes/canada-c11","200","true","كندا C11 لأصحاب الأعمال — إرشاد من الكويت | Plan B Consultant","مسار تصريح عمل مؤقت معفى من تقييم أثر سوق العمل لأصحاب الأعمال المؤهلين الذين يقدم عملهم منفعة مهمة لكندا.","كندا C11 لأصحاب الأعمال","https://planbconsultant.com/ar/programmes/canada-c11","https://planbconsultant.com/en/programmes/canada-c11","https://planbconsultant.com/ar/programmes/canada-c11","Organization; WebSite; WebPage; BreadcrumbList; Service"
"/ar/programmes/usa-eb5","200","true","برنامج المستثمرين الأمريكي EB-5 — إرشاد من الكويت | Plan B Consultant","استكشف مساراً استثمارياً مؤهلاً للإقامة الدائمة الأمريكية للمستثمرين وأفراد الأسرة المؤهلين.","برنامج المستثمرين الأمريكي EB-5","https://planbconsultant.com/ar/programmes/usa-eb5","https://planbconsultant.com/en/programmes/usa-eb5","https://planbconsultant.com/ar/programmes/usa-eb5","Organization; WebSite; WebPage; BreadcrumbList; Service"
"/ar/programmes/usa-e2","200","true","المستثمر بموجب المعاهدة الأمريكية E-2 — إرشاد من الكويت | Plan B Consultant","فئة مؤقتة للمستثمرين من مواطني دول المعاهدات المؤهلين لتطوير وإدارة نشاط أمريكي مؤهل.","المستثمر بموجب المعاهدة الأمريكية E-2","https://planbconsultant.com/ar/programmes/usa-e2","https://planbconsultant.com/en/programmes/usa-e2","https://planbconsultant.com/ar/programmes/usa-e2","Organization; WebSite; WebPage; BreadcrumbList; Service"
"/ar/programmes/citizenship-investment","200","false","الجنسية عن طريق الاستثمار — إرشاد من الكويت | Plan B Consultant","ابدأ بمقارنة أهداف التنقل والأسرة والاستثمار قبل دراسة برنامج جنسية محدد.","الجنسية عن طريق الاستثمار","https://planbconsultant.com/ar/programmes/citizenship-investment","https://planbconsultant.com/en/programmes/citizenship-investment","https://planbconsultant.com/ar/programmes/citizenship-investment","Organization; WebSite; WebPage; BreadcrumbList; Service"
"/ar/programmes/study-visas","200","true","الدراسة وتأشيرات الطلاب — إرشاد من الكويت | Plan B Consultant","ناقش خطط الدراسة وحالة القبول وأسئلتك حول التحضير لإجراءات تأشيرة الطالب.","الدراسة وتأشيرات الطلاب","https://planbconsultant.com/ar/programmes/study-visas","https://planbconsultant.com/en/programmes/study-visas","https://planbconsultant.com/ar/programmes/study-visas","Organization; WebSite; WebPage; BreadcrumbList; Service"
"/ar/programmes/visit-visas","200","true","تأشيرات الزيارة والسفر — إرشاد من الكويت | Plan B Consultant","جهّز طلباً واضحاً للسياحة أو زيارة الأسرة أو زيارات الأعمال القصيرة المسموح بها.","تأشيرات الزيارة والسفر","https://planbconsultant.com/ar/programmes/visit-visas","https://planbconsultant.com/en/programmes/visit-visas","https://planbconsultant.com/ar/programmes/visit-visas","Organization; WebSite; WebPage; BreadcrumbList; Service"
"/ar/services/residency-by-investment","200","true","الإقامة عن طريق الاستثمار — خدمات بلان بي | Plan B Consultant","استكشف مدى ملاءمة مسار مرتبط بالاستثمار لخطط الإقامة والأسرة. ابدأ ببرنامج EB-5 الأمريكي الموضح ومناقشة ظروفك.","الإقامة عن طريق الاستثمار","https://planbconsultant.com/ar/services/residency-by-investment","https://planbconsultant.com/en/services/residency-by-investment","https://planbconsultant.com/ar/services/residency-by-investment","Organization; WebSite; WebPage; BreadcrumbList; Service"
"/ar/services/citizenship-by-investment","200","true","الجنسية عن طريق الاستثمار — خدمات بلان بي | Plan B Consultant","ناقش أهداف الجنسية والتنقل قبل اختيار البرنامج. هذه خدمة استفسار أولي؛ ولا تعرض هذه الصفحة دولة محددة أو حزمة استثمارية.","الجنسية عن طريق الاستثمار","https://planbconsultant.com/ar/services/citizenship-by-investment","https://planbconsultant.com/en/services/citizenship-by-investment","https://planbconsultant.com/ar/services/citizenship-by-investment","Organization; WebSite; WebPage; BreadcrumbList; Service"
"/ar/services/skilled-immigration","200","true","هجرة الكفاءات — خدمات بلان بي | Plan B Consultant","استكشف مسارات الهجرة المناسبة لمؤهلاتك وخبراتك وطموحاتك.","هجرة الكفاءات","https://planbconsultant.com/ar/services/skilled-immigration","https://planbconsultant.com/en/services/skilled-immigration","https://planbconsultant.com/ar/services/skilled-immigration","Organization; WebSite; WebPage; BreadcrumbList; Service"
"/ar/services/work-visas","200","true","تأشيرات وتصاريح العمل — خدمات بلان بي | Plan B Consultant","تعرّف على خطوات التحضير والتقديم لخطوتك المهنية القادمة في الخارج.","تأشيرات وتصاريح العمل","https://planbconsultant.com/ar/services/work-visas","https://planbconsultant.com/en/services/work-visas","https://planbconsultant.com/ar/services/work-visas","Organization; WebSite; WebPage; BreadcrumbList; Service"
"/ar/services/visit-visas","200","true","تأشيرات الزيارة — خدمات بلان بي | Plan B Consultant","من إجازة طال انتظارها إلى لقاء العائلة، استعد لرحلتك برؤية أوضح.","تأشيرات الزيارة","https://planbconsultant.com/ar/services/visit-visas","https://planbconsultant.com/en/services/visit-visas","https://planbconsultant.com/ar/services/visit-visas","Organization; WebSite; WebPage; BreadcrumbList; Service"
"/ar/services/study-abroad","200","true","تأشيرات الدراسة — خدمات بلان بي | Plan B Consultant","ناقش خطط الدراسة والتحضير لاستفسار تأشيرة الطالب وفق وجهتك وحالة القبول.","تأشيرات الدراسة","https://planbconsultant.com/ar/services/study-abroad","https://planbconsultant.com/en/services/study-abroad","https://planbconsultant.com/ar/services/study-abroad","Organization; WebSite; WebPage; BreadcrumbList; Service"
"/ar/services/global-job-search","200","true","البحث عن عمل عالمي — خدمات بلان بي | Plan B Consultant","قدّم خبراتك بثقة مع دعم مركّز للبحث عن عمل دولي.","البحث عن عمل عالمي","https://planbconsultant.com/ar/services/global-job-search","https://planbconsultant.com/en/services/global-job-search","https://planbconsultant.com/ar/services/global-job-search","Organization; WebSite; WebPage; BreadcrumbList; Service"
"/ar/services/business-immigration","200","true","هجرة الأعمال — خدمات بلان بي | Plan B Consultant","استكشف فرص الأعمال والإقامة الدولية وفق أهدافك الريادية.","هجرة الأعمال","https://planbconsultant.com/ar/services/business-immigration","https://planbconsultant.com/en/services/business-immigration","https://planbconsultant.com/ar/services/business-immigration","Organization; WebSite; WebPage; BreadcrumbList; Service"
"/ar/services/family-visas","200","true","تأشيرات الأسرة والمعالين — خدمات بلان بي | Plan B Consultant","تعرّف على خطوات الانضمام إلى عائلتك أو مرافقتها في الخارج.","تأشيرات الأسرة والمعالين","https://planbconsultant.com/ar/services/family-visas","https://planbconsultant.com/en/services/family-visas","https://planbconsultant.com/ar/services/family-visas","Organization; WebSite; WebPage; BreadcrumbList; Service"
"/ar/services/permanent-residency","200","true","دعم الإقامة الدائمة — خدمات بلان بي | Plan B Consultant","ناقش طلبات الإقامة والمستندات ودعم تجديد بطاقة الإقامة الدائمة عند انطباقها.","دعم الإقامة الدائمة","https://planbconsultant.com/ar/services/permanent-residency","https://planbconsultant.com/en/services/permanent-residency","https://planbconsultant.com/ar/services/permanent-residency","Organization; WebSite; WebPage; BreadcrumbList; Service"
"/ar/services/ielts-preparation","200","true","الاستعداد لاختبار آيلتس — خدمات بلان بي | Plan B Consultant","ناقش الاستعداد اللغوي المرتبط بخطط الدراسة أو العمل أو الهجرة.","الاستعداد لاختبار آيلتس","https://planbconsultant.com/ar/services/ielts-preparation","https://planbconsultant.com/en/services/ielts-preparation","https://planbconsultant.com/ar/services/ielts-preparation","Organization; WebSite; WebPage; BreadcrumbList; Service"
"/ar/services/settlement-support","200","true","ما قبل السفر والاستقرار — خدمات بلان بي | Plan B Consultant","نظّم أسئلتك العملية قبل السفر وناقش الدعم المتاح بعد الوصول.","ما قبل السفر والاستقرار","https://planbconsultant.com/ar/services/settlement-support","https://planbconsultant.com/en/services/settlement-support","https://planbconsultant.com/ar/services/settlement-support","Organization; WebSite; WebPage; BreadcrumbList; Service"
"/ar/destinations/canada","200","true","كندا: نظرة على خيارات السفر والانتقال | Plan B Consultant","تعرّف على كندا كوجهة محتملة، وميّز بين الزيارة والدراسة والعمل والإقامة قبل مناقشة خطتك مع بلان بي.","كندا","https://planbconsultant.com/ar/destinations/canada","https://planbconsultant.com/en/destinations/canada","https://planbconsultant.com/ar/destinations/canada","Organization; WebSite; WebPage; BreadcrumbList"
"/ar/destinations/australia","200","true","أستراليا: نظرة على خيارات السفر والانتقال | Plan B Consultant","تعرّف على أستراليا كوجهة محتملة، وميّز بين الزيارة والدراسة والعمل والإقامة قبل مناقشة خطتك مع بلان بي.","أستراليا","https://planbconsultant.com/ar/destinations/australia","https://planbconsultant.com/en/destinations/australia","https://planbconsultant.com/ar/destinations/australia","Organization; WebSite; WebPage; BreadcrumbList"
"/ar/destinations/united-kingdom","200","false","المملكة المتحدة: نظرة على خيارات السفر والانتقال | Plan B Consultant","تعرّف على المملكة المتحدة كوجهة محتملة، وميّز بين الزيارة والدراسة والعمل والإقامة قبل مناقشة خطتك مع بلان بي.","المملكة المتحدة","https://planbconsultant.com/ar/destinations/united-kingdom","https://planbconsultant.com/en/destinations/united-kingdom","https://planbconsultant.com/ar/destinations/united-kingdom","Organization; WebSite; WebPage; BreadcrumbList"
"/ar/destinations/united-states","200","true","الولايات المتحدة: نظرة على خيارات السفر والانتقال | Plan B Consultant","تعرّف على الولايات المتحدة كوجهة محتملة، وميّز بين الزيارة والدراسة والعمل والإقامة قبل مناقشة خطتك مع بلان بي.","الولايات المتحدة","https://planbconsultant.com/ar/destinations/united-states","https://planbconsultant.com/en/destinations/united-states","https://planbconsultant.com/ar/destinations/united-states","Organization; WebSite; WebPage; BreadcrumbList"
"/ar/destinations/new-zealand","200","false","نيوزيلندا: نظرة على خيارات السفر والانتقال | Plan B Consultant","تعرّف على نيوزيلندا كوجهة محتملة، وميّز بين الزيارة والدراسة والعمل والإقامة قبل مناقشة خطتك مع بلان بي.","نيوزيلندا","https://planbconsultant.com/ar/destinations/new-zealand","https://planbconsultant.com/en/destinations/new-zealand","https://planbconsultant.com/ar/destinations/new-zealand","Organization; WebSite; WebPage; BreadcrumbList"
"/ar/destinations/schengen","200","false","شنغن: نظرة على خيارات السفر والانتقال | Plan B Consultant","تعرّف على شنغن كوجهة محتملة، وميّز بين الزيارة والدراسة والعمل والإقامة قبل مناقشة خطتك مع بلان بي.","شنغن","https://planbconsultant.com/ar/destinations/schengen","https://planbconsultant.com/en/destinations/schengen","https://planbconsultant.com/ar/destinations/schengen","Organization; WebSite; WebPage; BreadcrumbList"
"/ar/destinations/thailand","200","false","تايلاند: نظرة على خيارات السفر والانتقال | Plan B Consultant","تعرّف على تايلاند كوجهة محتملة، وميّز بين الزيارة والدراسة والعمل والإقامة قبل مناقشة خطتك مع بلان بي.","تايلاند","https://planbconsultant.com/ar/destinations/thailand","https://planbconsultant.com/en/destinations/thailand","https://planbconsultant.com/ar/destinations/thailand","Organization; WebSite; WebPage; BreadcrumbList"
"/ar/destinations/japan","200","false","اليابان: نظرة على خيارات السفر والانتقال | Plan B Consultant","تعرّف على اليابان كوجهة محتملة، وميّز بين الزيارة والدراسة والعمل والإقامة قبل مناقشة خطتك مع بلان بي.","اليابان","https://planbconsultant.com/ar/destinations/japan","https://planbconsultant.com/en/destinations/japan","https://planbconsultant.com/ar/destinations/japan","Organization; WebSite; WebPage; BreadcrumbList"
"/ar/destinations/turkey","200","false","تركيا: نظرة على خيارات السفر والانتقال | Plan B Consultant","تعرّف على تركيا كوجهة محتملة، وميّز بين الزيارة والدراسة والعمل والإقامة قبل مناقشة خطتك مع بلان بي.","تركيا","https://planbconsultant.com/ar/destinations/turkey","https://planbconsultant.com/en/destinations/turkey","https://planbconsultant.com/ar/destinations/turkey","Organization; WebSite; WebPage; BreadcrumbList"
"/ar/destinations/china","200","false","الصين: نظرة على خيارات السفر والانتقال | Plan B Consultant","تعرّف على الصين كوجهة محتملة، وميّز بين الزيارة والدراسة والعمل والإقامة قبل مناقشة خطتك مع بلان بي.","الصين","https://planbconsultant.com/ar/destinations/china","https://planbconsultant.com/en/destinations/china","https://planbconsultant.com/ar/destinations/china","Organization; WebSite; WebPage; BreadcrumbList"
"/ar/destinations/south-korea","200","false","كوريا الجنوبية: نظرة على خيارات السفر والانتقال | Plan B Consultant","تعرّف على كوريا الجنوبية كوجهة محتملة، وميّز بين الزيارة والدراسة والعمل والإقامة قبل مناقشة خطتك مع بلان بي.","كوريا الجنوبية","https://planbconsultant.com/ar/destinations/south-korea","https://planbconsultant.com/en/destinations/south-korea","https://planbconsultant.com/ar/destinations/south-korea","Organization; WebSite; WebPage; BreadcrumbList"
"/ar/destinations/saudi-arabia","200","false","السعودية: نظرة على خيارات السفر والانتقال | Plan B Consultant","تعرّف على السعودية كوجهة محتملة، وميّز بين الزيارة والدراسة والعمل والإقامة قبل مناقشة خطتك مع بلان بي.","السعودية","https://planbconsultant.com/ar/destinations/saudi-arabia","https://planbconsultant.com/en/destinations/saudi-arabia","https://planbconsultant.com/ar/destinations/saudi-arabia","Organization; WebSite; WebPage; BreadcrumbList"
"/ar/destinations/malaysia","200","false","ماليزيا: نظرة على خيارات السفر والانتقال | Plan B Consultant","تعرّف على ماليزيا كوجهة محتملة، وميّز بين الزيارة والدراسة والعمل والإقامة قبل مناقشة خطتك مع بلان بي.","ماليزيا","https://planbconsultant.com/ar/destinations/malaysia","https://planbconsultant.com/en/destinations/malaysia","https://planbconsultant.com/ar/destinations/malaysia","Organization; WebSite; WebPage; BreadcrumbList"
"/ar/destinations/singapore","200","false","سنغافورة: نظرة على خيارات السفر والانتقال | Plan B Consultant","تعرّف على سنغافورة كوجهة محتملة، وميّز بين الزيارة والدراسة والعمل والإقامة قبل مناقشة خطتك مع بلان بي.","سنغافورة","https://planbconsultant.com/ar/destinations/singapore","https://planbconsultant.com/en/destinations/singapore","https://planbconsultant.com/ar/destinations/singapore","Organization; WebSite; WebPage; BreadcrumbList"
"/ar/destinations/ireland","200","false","أيرلندا: نظرة على خيارات السفر والانتقال | Plan B Consultant","تعرّف على أيرلندا كوجهة محتملة، وميّز بين الزيارة والدراسة والعمل والإقامة قبل مناقشة خطتك مع بلان بي.","أيرلندا","https://planbconsultant.com/ar/destinations/ireland","https://planbconsultant.com/en/destinations/ireland","https://planbconsultant.com/ar/destinations/ireland","Organization; WebSite; WebPage; BreadcrumbList"
"/ar/destinations/cyprus","200","false","قبرص: نظرة على خيارات السفر والانتقال | Plan B Consultant","تعرّف على قبرص كوجهة محتملة، وميّز بين الزيارة والدراسة والعمل والإقامة قبل مناقشة خطتك مع بلان بي.","قبرص","https://planbconsultant.com/ar/destinations/cyprus","https://planbconsultant.com/en/destinations/cyprus","https://planbconsultant.com/ar/destinations/cyprus","Organization; WebSite; WebPage; BreadcrumbList"
"/ar/destinations/russia","200","false","روسيا: نظرة على خيارات السفر والانتقال | Plan B Consultant","تعرّف على روسيا كوجهة محتملة، وميّز بين الزيارة والدراسة والعمل والإقامة قبل مناقشة خطتك مع بلان بي.","روسيا","https://planbconsultant.com/ar/destinations/russia","https://planbconsultant.com/en/destinations/russia","https://planbconsultant.com/ar/destinations/russia","Organization; WebSite; WebPage; BreadcrumbList"
"/ar/destinations/italy","200","false","إيطاليا: نظرة على خيارات السفر والانتقال | Plan B Consultant","تعرّف على إيطاليا كوجهة محتملة، وميّز بين الزيارة والدراسة والعمل والإقامة قبل مناقشة خطتك مع بلان بي.","إيطاليا","https://planbconsultant.com/ar/destinations/italy","https://planbconsultant.com/en/destinations/italy","https://planbconsultant.com/ar/destinations/italy","Organization; WebSite; WebPage; BreadcrumbList"
"/ar/destinations/france","200","false","فرنسا: نظرة على خيارات السفر والانتقال | Plan B Consultant","تعرّف على فرنسا كوجهة محتملة، وميّز بين الزيارة والدراسة والعمل والإقامة قبل مناقشة خطتك مع بلان بي.","فرنسا","https://planbconsultant.com/ar/destinations/france","https://planbconsultant.com/en/destinations/france","https://planbconsultant.com/ar/destinations/france","Organization; WebSite; WebPage; BreadcrumbList"
"/ar/destinations/switzerland","200","false","سويسرا: نظرة على خيارات السفر والانتقال | Plan B Consultant","تعرّف على سويسرا كوجهة محتملة، وميّز بين الزيارة والدراسة والعمل والإقامة قبل مناقشة خطتك مع بلان بي.","سويسرا","https://planbconsultant.com/ar/destinations/switzerland","https://planbconsultant.com/en/destinations/switzerland","https://planbconsultant.com/ar/destinations/switzerland","Organization; WebSite; WebPage; BreadcrumbList"
"/ar/destinations/germany","200","true","ألمانيا: نظرة على خيارات السفر والانتقال | Plan B Consultant","تعرّف على ألمانيا كوجهة محتملة، وميّز بين الزيارة والدراسة والعمل والإقامة قبل مناقشة خطتك مع بلان بي.","ألمانيا","https://planbconsultant.com/ar/destinations/germany","https://planbconsultant.com/en/destinations/germany","https://planbconsultant.com/ar/destinations/germany","Organization; WebSite; WebPage; BreadcrumbList"
"/ar/destinations/greece","200","false","اليونان: نظرة على خيارات السفر والانتقال | Plan B Consultant","تعرّف على اليونان كوجهة محتملة، وميّز بين الزيارة والدراسة والعمل والإقامة قبل مناقشة خطتك مع بلان بي.","اليونان","https://planbconsultant.com/ar/destinations/greece","https://planbconsultant.com/en/destinations/greece","https://planbconsultant.com/ar/destinations/greece","Organization; WebSite; WebPage; BreadcrumbList"
"/ar/destinations/finland","200","false","فنلندا: نظرة على خيارات السفر والانتقال | Plan B Consultant","تعرّف على فنلندا كوجهة محتملة، وميّز بين الزيارة والدراسة والعمل والإقامة قبل مناقشة خطتك مع بلان بي.","فنلندا","https://planbconsultant.com/ar/destinations/finland","https://planbconsultant.com/en/destinations/finland","https://planbconsultant.com/ar/destinations/finland","Organization; WebSite; WebPage; BreadcrumbList"
"/ar/destinations/netherlands","200","false","هولندا: نظرة على خيارات السفر والانتقال | Plan B Consultant","تعرّف على هولندا كوجهة محتملة، وميّز بين الزيارة والدراسة والعمل والإقامة قبل مناقشة خطتك مع بلان بي.","هولندا","https://planbconsultant.com/ar/destinations/netherlands","https://planbconsultant.com/en/destinations/netherlands","https://planbconsultant.com/ar/destinations/netherlands","Organization; WebSite; WebPage; BreadcrumbList"
"/ar/destinations/spain","200","false","إسبانيا: نظرة على خيارات السفر والانتقال | Plan B Consultant","تعرّف على إسبانيا كوجهة محتملة، وميّز بين الزيارة والدراسة والعمل والإقامة قبل مناقشة خطتك مع بلان بي.","إسبانيا","https://planbconsultant.com/ar/destinations/spain","https://planbconsultant.com/en/destinations/spain","https://planbconsultant.com/ar/destinations/spain","Organization; WebSite; WebPage; BreadcrumbList"
"/ar/destinations/sweden","200","true","السويد: نظرة على خيارات السفر والانتقال | Plan B Consultant","تعرّف على السويد كوجهة محتملة، وميّز بين الزيارة والدراسة والعمل والإقامة قبل مناقشة خطتك مع بلان بي.","السويد","https://planbconsultant.com/ar/destinations/sweden","https://planbconsultant.com/en/destinations/sweden","https://planbconsultant.com/ar/destinations/sweden","Organization; WebSite; WebPage; BreadcrumbList"
"/ar/destinations/austria","200","false","النمسا: نظرة على خيارات السفر والانتقال | Plan B Consultant","تعرّف على النمسا كوجهة محتملة، وميّز بين الزيارة والدراسة والعمل والإقامة قبل مناقشة خطتك مع بلان بي.","النمسا","https://planbconsultant.com/ar/destinations/austria","https://planbconsultant.com/en/destinations/austria","https://planbconsultant.com/ar/destinations/austria","Organization; WebSite; WebPage; BreadcrumbList"
"/ar/destinations/iceland","200","false","آيسلندا: نظرة على خيارات السفر والانتقال | Plan B Consultant","تعرّف على آيسلندا كوجهة محتملة، وميّز بين الزيارة والدراسة والعمل والإقامة قبل مناقشة خطتك مع بلان بي.","آيسلندا","https://planbconsultant.com/ar/destinations/iceland","https://planbconsultant.com/en/destinations/iceland","https://planbconsultant.com/ar/destinations/iceland","Organization; WebSite; WebPage; BreadcrumbList"
"/ar/destinations/poland","200","false","بولندا: نظرة على خيارات السفر والانتقال | Plan B Consultant","تعرّف على بولندا كوجهة محتملة، وميّز بين الزيارة والدراسة والعمل والإقامة قبل مناقشة خطتك مع بلان بي.","بولندا","https://planbconsultant.com/ar/destinations/poland","https://planbconsultant.com/en/destinations/poland","https://planbconsultant.com/ar/destinations/poland","Organization; WebSite; WebPage; BreadcrumbList"
"/ar/destinations/czech-republic","200","false","التشيك: نظرة على خيارات السفر والانتقال | Plan B Consultant","تعرّف على التشيك كوجهة محتملة، وميّز بين الزيارة والدراسة والعمل والإقامة قبل مناقشة خطتك مع بلان بي.","التشيك","https://planbconsultant.com/ar/destinations/czech-republic","https://planbconsultant.com/en/destinations/czech-republic","https://planbconsultant.com/ar/destinations/czech-republic","Organization; WebSite; WebPage; BreadcrumbList"
"/ar/destinations/lithuania","200","false","ليتوانيا: نظرة على خيارات السفر والانتقال | Plan B Consultant","تعرّف على ليتوانيا كوجهة محتملة، وميّز بين الزيارة والدراسة والعمل والإقامة قبل مناقشة خطتك مع بلان بي.","ليتوانيا","https://planbconsultant.com/ar/destinations/lithuania","https://planbconsultant.com/en/destinations/lithuania","https://planbconsultant.com/ar/destinations/lithuania","Organization; WebSite; WebPage; BreadcrumbList"
"/ar/destinations/latvia","200","false","لاتفيا: نظرة على خيارات السفر والانتقال | Plan B Consultant","تعرّف على لاتفيا كوجهة محتملة، وميّز بين الزيارة والدراسة والعمل والإقامة قبل مناقشة خطتك مع بلان بي.","لاتفيا","https://planbconsultant.com/ar/destinations/latvia","https://planbconsultant.com/en/destinations/latvia","https://planbconsultant.com/ar/destinations/latvia","Organization; WebSite; WebPage; BreadcrumbList"
"/ar/destinations/estonia","200","false","إستونيا: نظرة على خيارات السفر والانتقال | Plan B Consultant","تعرّف على إستونيا كوجهة محتملة، وميّز بين الزيارة والدراسة والعمل والإقامة قبل مناقشة خطتك مع بلان بي.","إستونيا","https://planbconsultant.com/ar/destinations/estonia","https://planbconsultant.com/en/destinations/estonia","https://planbconsultant.com/ar/destinations/estonia","Organization; WebSite; WebPage; BreadcrumbList"
"/ar/destinations/monaco","200","false","موناكو: نظرة على خيارات السفر والانتقال | Plan B Consultant","تعرّف على موناكو كوجهة محتملة، وميّز بين الزيارة والدراسة والعمل والإقامة قبل مناقشة خطتك مع بلان بي.","موناكو","https://planbconsultant.com/ar/destinations/monaco","https://planbconsultant.com/en/destinations/monaco","https://planbconsultant.com/ar/destinations/monaco","Organization; WebSite; WebPage; BreadcrumbList"
"/ar/destinations/san-marino","200","false","سان مارينو: نظرة على خيارات السفر والانتقال | Plan B Consultant","تعرّف على سان مارينو كوجهة محتملة، وميّز بين الزيارة والدراسة والعمل والإقامة قبل مناقشة خطتك مع بلان بي.","سان مارينو","https://planbconsultant.com/ar/destinations/san-marino","https://planbconsultant.com/en/destinations/san-marino","https://planbconsultant.com/ar/destinations/san-marino","Organization; WebSite; WebPage; BreadcrumbList"
"/ar/destinations/liechtenstein","200","false","ليختنشتاين: نظرة على خيارات السفر والانتقال | Plan B Consultant","تعرّف على ليختنشتاين كوجهة محتملة، وميّز بين الزيارة والدراسة والعمل والإقامة قبل مناقشة خطتك مع بلان بي.","ليختنشتاين","https://planbconsultant.com/ar/destinations/liechtenstein","https://planbconsultant.com/en/destinations/liechtenstein","https://planbconsultant.com/ar/destinations/liechtenstein","Organization; WebSite; WebPage; BreadcrumbList"
"/ar/destinations/luxembourg","200","false","لوكسمبورغ: نظرة على خيارات السفر والانتقال | Plan B Consultant","تعرّف على لوكسمبورغ كوجهة محتملة، وميّز بين الزيارة والدراسة والعمل والإقامة قبل مناقشة خطتك مع بلان بي.","لوكسمبورغ","https://planbconsultant.com/ar/destinations/luxembourg","https://planbconsultant.com/en/destinations/luxembourg","https://planbconsultant.com/ar/destinations/luxembourg","Organization; WebSite; WebPage; BreadcrumbList"
"/ar/destinations/vatican-city","200","false","الفاتيكان: نظرة على خيارات السفر والانتقال | Plan B Consultant","تعرّف على الفاتيكان كوجهة محتملة، وميّز بين الزيارة والدراسة والعمل والإقامة قبل مناقشة خطتك مع بلان بي.","الفاتيكان","https://planbconsultant.com/ar/destinations/vatican-city","https://planbconsultant.com/en/destinations/vatican-city","https://planbconsultant.com/ar/destinations/vatican-city","Organization; WebSite; WebPage; BreadcrumbList"
"/ar/destinations/slovakia","200","false","سلوفاكيا: نظرة على خيارات السفر والانتقال | Plan B Consultant","تعرّف على سلوفاكيا كوجهة محتملة، وميّز بين الزيارة والدراسة والعمل والإقامة قبل مناقشة خطتك مع بلان بي.","سلوفاكيا","https://planbconsultant.com/ar/destinations/slovakia","https://planbconsultant.com/en/destinations/slovakia","https://planbconsultant.com/ar/destinations/slovakia","Organization; WebSite; WebPage; BreadcrumbList"
"/ar/destinations/bulgaria","200","false","بلغاريا: نظرة على خيارات السفر والانتقال | Plan B Consultant","تعرّف على بلغاريا كوجهة محتملة، وميّز بين الزيارة والدراسة والعمل والإقامة قبل مناقشة خطتك مع بلان بي.","بلغاريا","https://planbconsultant.com/ar/destinations/bulgaria","https://planbconsultant.com/en/destinations/bulgaria","https://planbconsultant.com/ar/destinations/bulgaria","Organization; WebSite; WebPage; BreadcrumbList"
"/ar/destinations/slovenia","200","false","سلوفينيا: نظرة على خيارات السفر والانتقال | Plan B Consultant","تعرّف على سلوفينيا كوجهة محتملة، وميّز بين الزيارة والدراسة والعمل والإقامة قبل مناقشة خطتك مع بلان بي.","سلوفينيا","https://planbconsultant.com/ar/destinations/slovenia","https://planbconsultant.com/en/destinations/slovenia","https://planbconsultant.com/ar/destinations/slovenia","Organization; WebSite; WebPage; BreadcrumbList"
"/ar/destinations/hungary","200","false","المجر: نظرة على خيارات السفر والانتقال | Plan B Consultant","تعرّف على المجر كوجهة محتملة، وميّز بين الزيارة والدراسة والعمل والإقامة قبل مناقشة خطتك مع بلان بي.","المجر","https://planbconsultant.com/ar/destinations/hungary","https://planbconsultant.com/en/destinations/hungary","https://planbconsultant.com/ar/destinations/hungary","Organization; WebSite; WebPage; BreadcrumbList"
"/ar/destinations/portugal","200","true","البرتغال: نظرة على خيارات السفر والانتقال | Plan B Consultant","تعرّف على البرتغال كوجهة محتملة، وميّز بين الزيارة والدراسة والعمل والإقامة قبل مناقشة خطتك مع بلان بي.","البرتغال","https://planbconsultant.com/ar/destinations/portugal","https://planbconsultant.com/en/destinations/portugal","https://planbconsultant.com/ar/destinations/portugal","Organization; WebSite; WebPage; BreadcrumbList"
"/ar/destinations/norway","200","false","النرويج: نظرة على خيارات السفر والانتقال | Plan B Consultant","تعرّف على النرويج كوجهة محتملة، وميّز بين الزيارة والدراسة والعمل والإقامة قبل مناقشة خطتك مع بلان بي.","النرويج","https://planbconsultant.com/ar/destinations/norway","https://planbconsultant.com/en/destinations/norway","https://planbconsultant.com/ar/destinations/norway","Organization; WebSite; WebPage; BreadcrumbList"
"/ar/destinations/tanzania","200","false","تنزانيا: نظرة على خيارات السفر والانتقال | Plan B Consultant","تعرّف على تنزانيا كوجهة محتملة، وميّز بين الزيارة والدراسة والعمل والإقامة قبل مناقشة خطتك مع بلان بي.","تنزانيا","https://planbconsultant.com/ar/destinations/tanzania","https://planbconsultant.com/en/destinations/tanzania","https://planbconsultant.com/ar/destinations/tanzania","Organization; WebSite; WebPage; BreadcrumbList"
"/ar/destinations/brazil","200","false","البرازيل: نظرة على خيارات السفر والانتقال | Plan B Consultant","تعرّف على البرازيل كوجهة محتملة، وميّز بين الزيارة والدراسة والعمل والإقامة قبل مناقشة خطتك مع بلان بي.","البرازيل","https://planbconsultant.com/ar/destinations/brazil","https://planbconsultant.com/en/destinations/brazil","https://planbconsultant.com/ar/destinations/brazil","Organization; WebSite; WebPage; BreadcrumbList"
"/ar/resources/prepare-for-your-consultation","200","true","استشارتك الأولى: كيف تستعد | Plan B Consultant","تبدأ المحادثة المفيدة بصورة واضحة عن خططك. لا تحتاج إلى معرفة كل الإجابات قبل التواصل.","استشارتك الأولى: كيف تستعد","https://planbconsultant.com/ar/resources/prepare-for-your-consultation","https://planbconsultant.com/en/resources/prepare-for-your-consultation","https://planbconsultant.com/ar/resources/prepare-for-your-consultation","Organization; WebSite; WebPage; BreadcrumbList; Article"
"/ar/resources/job-search-or-work-visa","200","true","بحث عن عمل أم تأشيرة عمل؟ | Plan B Consultant","تغطي هذه الخدمات مراحل مختلفة من العمل بالخارج. تحديد نقطة البداية يجعل الاستشارة أكثر فائدة.","بحث عن عمل أم تأشيرة عمل؟","https://planbconsultant.com/ar/resources/job-search-or-work-visa","https://planbconsultant.com/en/resources/job-search-or-work-visa","https://planbconsultant.com/ar/resources/job-search-or-work-visa","Organization; WebSite; WebPage; BreadcrumbList; Article"
"/ar/resources/organise-your-documents","200","true","طريقة أبسط لتنظيم مستنداتك | Plan B Consultant","يساعدك تنظيم مستنداتك على مناقشة خططك بوضوح والاستجابة للطلبات بسهولة.","طريقة أبسط لتنظيم مستنداتك","https://planbconsultant.com/ar/resources/organise-your-documents","https://planbconsultant.com/en/resources/organise-your-documents","https://planbconsultant.com/ar/resources/organise-your-documents","Organization; WebSite; WebPage; BreadcrumbList; Article"